strategy_id,source_file,target_file,class_name,archetype,params
01,01 AdaptiveMA自适应均线 过滤器 期货多品种模型 收益稳定增长.txt,family_kama_atr.py,FamilyKamaAtr,kama_atr,"{""fast_window"": 10, ""slow_window"": 14, ""atr_mult"": 3.0, ""fixed_size"": 1}"
02,02 我好像破解了聚宽擂台排第一的策略？！.txt,family_zscore.py,FamilyZscore,zscore,"{""fast_window"": 20, ""slow_window"": 60, ""signal_window"": -1, ""atr_window"": 1, ""fixed_size"": 100}"
03,03 机器学习多因子策略.txt,family_ml_predict.py,FamilyMlPredict,ml,"{""fast_window"": 60, ""slow_window"": 10, ""signal_window"": 0.0, ""fixed_size"": 100}"
04,04 趋势交易能赚钱吗？商品期货动量效应挖掘初探.txt,family_momentum.py,FamilyMomentum,momentum,"{""fast_window"": 5, ""slow_window"": 20, ""signal_window"": 0.02, ""fixed_size"": 1}"
05,05 兄台且慢，去天台排队不如看看这个策略先.txt,family_rsrs.py,FamilyRsrs,rsrs,"{""fast_window"": 18, ""slow_window"": 60, ""signal_window"": 0.7, ""atr_window"": -0.7, ""fixed_size"": 100}"
06,06 为什么股票市值是当前的样子？.txt,family_ml_predict.py,FamilyMlPredict,ml,"{""fast_window"": 60, ""slow_window"": 10, ""signal_window"": 0.0, ""fixed_size"": 100}"
07,07 穿越牛熊基业长青的价值精选策略.txt,family_value.py,FamilyValue,value,"{""fast_window"": 20, ""slow_window"": 120, ""signal_window"": -0.08, ""atr_window"": 60, ""atr_mult"": -0.02, ""fixed_size"": 100}"
08,08 MACD单因子多头策略.txt,family_macd_timing.py,FamilyMacdTiming,macd,"{""fast_period"": 12, ""slow_period"": 26, ""signal_period"": 9, ""fixed_size"": 100}"
09,09 商品期货 多品种日频双均线模型 作为给入门者的小礼物.txt,family_sma_cross.py,FamilySmaCross,sma,"{""fast_window"": 5, ""slow_window"": 20, ""fixed_size"": 1}"
10,10 追三板策略.txt,family_momentum.py,FamilyMomentum,momentum,"{""fast_window"": 3, ""slow_window"": 10, ""signal_window"": 0.03, ""fixed_size"": 100}"
11,11 酒股地中短线策略.txt,family_grid_low.py,FamilyGridLow,grid,"{""fast_window"": 10, ""signal_window"": 0.2, ""atr_window"": 0.05, ""atr_mult"": 0.05, ""fixed_size"": 100}"
12,12 【均值回归】基于zscore的均值回归策略（胜率100%）.txt,family_zscore.py,FamilyZscore,zscore,"{""fast_window"": 20, ""slow_window"": 60, ""signal_window"": -2, ""atr_window"": 1, ""fixed_size"": 100}"
13,13 招行_海天配对策略-改进版.txt,family_zscore.py,FamilyZscore,zscore,"{""fast_window"": 20, ""slow_window"": 60, ""signal_window"": -0.82, ""atr_window"": 0.82, ""fixed_size"": 100}"
14,14 抗击熊市的中短期低市值策略.txt,family_grid_low.py,FamilyGridLow,grid,"{""fast_window"": 20, ""signal_window"": 0.5, ""atr_window"": 0.05, ""atr_mult"": 0.05, ""fixed_size"": 100}"
15,15 基于多期限的选股策略（一）.txt,family_sma_trend.py,FamilySmaTrend,ma_trend,"{""fast_window"": 5, ""slow_window"": 10, ""signal_window"": 20, ""fixed_size"": 100}"
16,16 投资学作业.txt,family_wizard.py,FamilyWizard,wizard,"{""fast_window"": 5, ""slow_window"": 20, ""signal_window"": 0.0, ""atr_window"": 14, ""atr_mult"": 2.5, ""direction"": 1, ""fixed_size"": 100}"
17,17 商品期货截面动量模型，真的靠谱吗？.txt,family_momentum.py,FamilyMomentum,momentum,"{""fast_window"": 10, ""slow_window"": 40, ""signal_window"": 0.03, ""fixed_size"": 1}"
18,18 均值回归策略分享.txt,family_zscore.py,FamilyZscore,zscore,"{""fast_window"": 20, ""slow_window"": 60, ""signal_window"": -1, ""atr_window"": 1, ""fixed_size"": 100}"
19,19 招行_海天配对策略（学习招行伊利配对）.txt,family_zscore.py,FamilyZscore,zscore,"{""fast_window"": 20, ""slow_window"": 60, ""signal_window"": -1, ""atr_window"": 1, ""fixed_size"": 100}"
20,20 分钟K线数据重构 ATR自适应通道 请高手来迭代.txt,family_kama_atr.py,FamilyKamaAtr,kama_atr,"{""fast_window"": 10, ""slow_window"": 14, ""atr_mult"": 4.0, ""fixed_size"": 1}"
21,21 果核量化出品 -- BIAS_QL乖离率策略指数择时1.0.txt,family_bias.py,FamilyBias,bias,"{""fast_window"": 6, ""slow_window"": 6, ""fixed_size"": 100}"
22,22 海龟交易法则升级版---（分钟级回测+合约变更移仓）.txt,family_turtle.py,FamilyTurtle,turtle,"{""fast_window"": 20, ""slow_window"": 10, ""atr_window"": 20, ""atr_mult"": 3.0, ""fixed_size"": 1}"
23,23 Principle by Jim Slater 祖鲁法则在A股的实现与改进.txt,family_value.py,FamilyValue,value,"{""fast_window"": 20, ""slow_window"": 120, ""signal_window"": -0.08, ""atr_window"": 60, ""atr_mult"": -0.02, ""fixed_size"": 100}"
24,24 自选策略1.txt,family_wizard.py,FamilyWizard,wizard,"{""fast_window"": 10, ""slow_window"": 30, ""signal_window"": 0.0, ""atr_window"": 14, ""atr_mult"": 2.0, ""direction"": 1, ""fixed_size"": 100}"
25,25 简单市值轮动策略-学习.txt,family_smallcap.py,FamilySmallcap,smallcap,"{""fast_window"": 20, ""slow_window"": 120, ""signal_window"": 1.2, ""atr_window"": 10, ""fixed_size"": 100}"
26,26 向导式-1.txt,family_wizard.py,FamilyWizard,wizard,"{""fast_window"": 5, ""slow_window"": 20, ""signal_window"": 0.0, ""atr_window"": 14, ""atr_mult"": 2.5, ""direction"": 1, ""fixed_size"": 100}"
27,27 RSRS指标择时（30分钟线）.txt,family_rsrs.py,FamilyRsrs,rsrs,"{""fast_window"": 18, ""slow_window"": 60, ""signal_window"": 0.7, ""atr_window"": -0.7, ""fixed_size"": 100}"
28,28 收益策略.txt,family_wizard.py,FamilyWizard,wizard,"{""fast_window"": 5, ""slow_window"": 20, ""signal_window"": 0.0, ""atr_window"": 14, ""atr_mult"": 3.0, ""direction"": 1, ""fixed_size"": 100}"
29,29 KD指标量化交易策略.txt,family_kdj.py,FamilyKdj,kdj,"{""fast_window"": 9, ""signal_window"": 3, ""atr_window"": 3, ""atr_mult"": 80.0, ""fixed_size"": 100}"
30,30 基于LSTM模型预测股票价格走势.txt,family_ml_predict.py,FamilyMlPredict,ml,"{""fast_window"": 60, ""slow_window"": 20, ""signal_window"": 0.0, ""fixed_size"": 100}"
31,31 低PB价值投资策略分享.txt,family_value.py,FamilyValue,value,"{""fast_window"": 20, ""slow_window"": 120, ""signal_window"": -0.08, ""atr_window"": 60, ""atr_mult"": -0.02, ""fixed_size"": 100}"
32,32 测试策略1.txt,family_wizard.py,FamilyWizard,wizard,"{""fast_window"": 5, ""slow_window"": 20, ""signal_window"": 0.0, ""atr_window"": 14, ""atr_mult"": 2.0, ""direction"": 1, ""fixed_size"": 100}"
33,33 买入每个行业市值最大的股票.txt,family_sector_rotate.py,FamilySectorRotate,sector_rotate,"{""fast_window"": 5, ""slow_window"": 20, ""signal_window"": 0.0, ""atr_window"": 10, ""fixed_size"": 100}"
34,34 成长策略.txt,family_wizard.py,FamilyWizard,wizard,"{""fast_window"": 5, ""slow_window"": 20, ""signal_window"": 0.0, ""atr_window"": 14, ""atr_mult"": 3.0, ""direction"": 1, ""fixed_size"": 100}"
35,35 投资学作业——简单多因子选股策略.txt,family_wizard.py,FamilyWizard,wizard,"{""fast_window"": 5, ""slow_window"": 20, ""signal_window"": 0.0, ""atr_window"": 14, ""atr_mult"": 2.5, ""direction"": 1, ""fixed_size"": 100}"
36,36 投资学作业——简单多因子选股策略改进.txt,family_wizard.py,FamilyWizard,wizard,"{""fast_window"": 5, ""slow_window"": 20, ""signal_window"": 0.0, ""atr_window"": 14, ""atr_mult"": 2.5, ""direction"": 1, ""fixed_size"": 100}"
37,37 个股止损.txt,family_wizard.py,FamilyWizard,wizard,"{""fast_window"": 5, ""slow_window"": 20, ""signal_window"": 0.0, ""atr_window"": 14, ""atr_mult"": 3.0, ""direction"": 1, ""fixed_size"": 100}"
38,38 一个简单的跟踪聪明钱策略.txt,family_smart_money.py,FamilySmartMoney,smart_money,"{""fast_window"": 10, ""slow_window"": 20, ""signal_window"": 0.001, ""atr_window"": 30, ""fixed_size"": 100}"
39,39 因子分析——利用JoinQuant因子分析模块选取因子并封装为策略.txt,family_ml_predict.py,FamilyMlPredict,ml,"{""fast_window"": 60, ""slow_window"": 10, ""signal_window"": 0.0, ""fixed_size"": 100}"
40,40 kdj指标配合accer过滤.txt,family_kdj.py,FamilyKdj,kdj,"{""fast_window"": 9, ""signal_window"": 3, ""atr_window"": 3, ""atr_mult"": 70.0, ""fixed_size"": 100}"
41,41 多因子模型（三）-交易回测.txt,family_wizard.py,FamilyWizard,wizard,"{""fast_window"": 5, ""slow_window"": 20, ""signal_window"": 0.0, ""atr_window"": 14, ""atr_mult"": 2.0, ""direction"": 1, ""fixed_size"": 100}"
42,42 低估值+TRIX+RSI 低回撤策略.txt,family_trix_rsi.py,FamilyTrixRsi,trix_rsi,"{""fast_window"": 12, ""slow_window"": 9, ""signal_window"": 14, ""atr_mult"": 70.0, ""fixed_size"": 100}"
43,43 无模型评估的多因子模型.txt,family_ml_predict.py,FamilyMlPredict,ml,"{""fast_window"": 60, ""slow_window"": 10, ""signal_window"": 0.0, ""fixed_size"": 100}"
44,44 新手初来，写了一个价值投资策略.txt,family_value.py,FamilyValue,value,"{""fast_window"": 20, ""slow_window"": 120, ""signal_window"": -0.08, ""atr_window"": 60, ""atr_mult"": -0.02, ""fixed_size"": 100}"
45,45 布林带策略.txt,family_boll.py,FamilyBoll,boll,"{""boll_window"": 20, ""boll_dev"": 2.0, ""fixed_size"": 100}"
46,46 Get API 新技能，研究中写策略并回测.txt,family_ema_cross.py,FamilyEmaCross,ema,"{""fast_window"": 5, ""slow_window"": 20, ""fixed_size"": 100}"
47,47 次新小盘策略.txt,family_smallcap.py,FamilySmallcap,smallcap,"{""fast_window"": 20, ""slow_window"": 120, ""signal_window"": 1.2, ""atr_window"": 10, ""fixed_size"": 100}"
48,48 再测一支.txt,family_kdj.py,FamilyKdj,kdj,"{""fast_window"": 9, ""signal_window"": 3, ""atr_window"": 3, ""atr_mult"": 60.0, ""fixed_size"": 100}"
49,49 海龟克隆优化.txt,family_turtle.py,FamilyTurtle,turtle,"{""fast_window"": 20, ""slow_window"": 10, ""atr_window"": 20, ""atr_mult"": 2.0, ""fixed_size"": 1}"
50,50 简单配对交易.txt,family_zscore.py,FamilyZscore,zscore,"{""fast_window"": 20, ""slow_window"": 60, ""signal_window"": -2, ""atr_window"": 2, ""fixed_size"": 100}"
51,51 HS300--随机森林拐点识别.txt,family_ml_predict.py,FamilyMlPredict,ml,"{""fast_window"": 60, ""slow_window"": 10, ""signal_window"": 0.0, ""fixed_size"": 100}"
52,52 布林带1.txt,family_boll.py,FamilyBoll,boll,"{""boll_window"": 20, ""boll_dev"": 2.0, ""fixed_size"": 100}"
53,53 小市值策略.txt,family_smallcap.py,FamilySmallcap,smallcap,"{""fast_window"": 20, ""slow_window"": 120, ""signal_window"": 1.2, ""atr_window"": 10, ""fixed_size"": 100}"
54,54 中长线买入卖出点选择.txt,family_sma_trend.py,FamilySmaTrend,ma_trend,"{""fast_window"": 5, ""slow_window"": 30, ""signal_window"": 60, ""fixed_size"": 100}"
55,55 中小板-中证500配对交易.txt,family_zscore.py,FamilyZscore,zscore,"{""fast_window"": 20, ""slow_window"": 60, ""signal_window"": -2.1, ""atr_window"": 1.95, ""fixed_size"": 100}"
56,56 爱神的箭放声大哭.txt,family_wizard.py,FamilyWizard,wizard,"{""fast_window"": 5, ""slow_window"": 20, ""signal_window"": 0.0, ""atr_window"": 14, ""atr_mult"": 2.0, ""direction"": 1, ""fixed_size"": 100}"
57,57 黄泽森策略.txt,family_wizard.py,FamilyWizard,wizard,"{""fast_window"": 5, ""slow_window"": 20, ""signal_window"": 0.0, ""atr_window"": 14, ""atr_mult"": 3.0, ""direction"": 1, ""fixed_size"": 100}"
58,58 MACD金叉买入，死叉卖出.txt,family_macd_timing.py,FamilyMacdTiming,macd,"{""fast_period"": 12, ""slow_period"": 26, ""signal_period"": 9, ""fixed_size"": 100}"
59,59 小市值轮动，修改了内容，剔除了停牌股，同时PE要求为正的股票。.txt,family_smallcap.py,FamilySmallcap,smallcap,"{""fast_window"": 10, ""slow_window"": 120, ""signal_window"": 1.2, ""atr_window"": 10, ""fixed_size"": 100}"
60,60 投资期末作业.txt,family_wizard.py,FamilyWizard,wizard,"{""fast_window"": 5, ""slow_window"": 20, ""signal_window"": 0.0, ""atr_window"": 14, ""atr_mult"": 2.5, ""direction"": 1, ""fixed_size"": 100}"
61,61 向导式策略生成器生成的成长股精选策略.txt,family_wizard.py,FamilyWizard,wizard,"{""fast_window"": 5, ""slow_window"": 20, ""signal_window"": 0.0, ""atr_window"": 14, ""atr_mult"": 3.0, ""direction"": 1, ""fixed_size"": 100}"
62,62 选股策略.txt,family_wizard.py,FamilyWizard,wizard,"{""fast_window"": 5, ""slow_window"": 20, ""signal_window"": 0.0, ""atr_window"": 14, ""atr_mult"": 2.0, ""direction"": 1, ""fixed_size"": 100}"
63,63 向导式.txt,family_wizard.py,FamilyWizard,wizard,"{""fast_window"": 5, ""slow_window"": 20, ""signal_window"": 0.0, ""atr_window"": 14, ""atr_mult"": 2.5, ""direction"": 1, ""fixed_size"": 100}"
64,64 12年年化34%，Sharpe1.2，银行股轮动.txt,family_value.py,FamilyValue,value,"{""fast_window"": 20, ""slow_window"": 120, ""signal_window"": -0.08, ""atr_window"": 60, ""atr_mult"": -0.02, ""fixed_size"": 100}"
65,65 8只基金按PE调仓.txt,family_fund_pe.py,FamilyFundPe,fund_pe,"{""fast_window"": 20, ""slow_window"": 120, ""signal_window"": 0.03, ""atr_window"": -0.05, ""fixed_size"": 100}"
66,66 高于MA10买入低于MA20卖出回测半年收益率20.4%.txt,family_sma_cross.py,FamilySmaCross,sma,"{""fast_window"": 10, ""slow_window"": 20, ""fixed_size"": 100}"
67,67 多因子回测完整模板（筛选和买卖条件强于‘策略生成器’）.txt,family_wizard.py,FamilyWizard,wizard,"{""fast_window"": 5, ""slow_window"": 20, ""signal_window"": 0.0, ""atr_window"": 14, ""atr_mult"": 2.0, ""direction"": 1, ""fixed_size"": 100}"
68,68 板块轮动不动？.txt,family_sector_rotate.py,FamilySectorRotate,sector_rotate,"{""fast_window"": 5, ""slow_window"": 20, ""signal_window"": 0.0, ""atr_window"": 10, ""fixed_size"": 100}"
69,69 阻力支撑相对强度（RSRS）指标择时策略.txt,family_rsrs.py,FamilyRsrs,rsrs,"{""fast_window"": 18, ""slow_window"": 60, ""signal_window"": 0.7, ""atr_window"": -0.7, ""fixed_size"": 100}"
70,70 蓝筹&均线.txt,family_wizard.py,FamilyWizard,wizard,"{""fast_window"": 5, ""slow_window"": 20, ""signal_window"": 0.0, ""atr_window"": 14, ""atr_mult"": 2.0, ""direction"": 1, ""fixed_size"": 100}"
71,71 【投资学】CAPM单因子回归模型+ROE股票池（含止损）.txt,family_value.py,FamilyValue,value,"{""fast_window"": 20, ""slow_window"": 120, ""signal_window"": -0.08, ""atr_window"": 60, ""atr_mult"": -0.02, ""fixed_size"": 100}"
72,72 基金定投-沪深300-5年回测.txt,family_fund_pe.py,FamilyFundPe,fund_pe,"{""fast_window"": 20, ""slow_window"": 120, ""signal_window"": 0.05, ""atr_window"": -0.1, ""fixed_size"": 100}"
73,73 跟着港资（北向资金）买A股.txt,family_smart_money.py,FamilySmartMoney,smart_money,"{""fast_window"": 10, ""slow_window"": 20, ""signal_window"": 0.001, ""atr_window"": 30, ""fixed_size"": 100}"
74,74 基于沪深300的增强.txt,family_wizard.py,FamilyWizard,wizard,"{""fast_window"": 10, ""slow_window"": 30, ""signal_window"": 0.0, ""atr_window"": 14, ""atr_mult"": 2.5, ""direction"": 1, ""fixed_size"": 100}"
75,75 财务因子策略.txt,family_wizard.py,FamilyWizard,wizard,"{""fast_window"": 5, ""slow_window"": 20, ""signal_window"": 0.0, ""atr_window"": 14, ""atr_mult"": 2.5, ""direction"": 1, ""fixed_size"": 100}"
76,76 MACD——大盘择时.txt,family_macd_timing.py,FamilyMacdTiming,macd,"{""fast_period"": 12, ""slow_period"": 26, ""signal_period"": 9, ""fixed_size"": 100}"
77,77 RSRS大盘择时优化.txt,family_rsrs.py,FamilyRsrs,rsrs,"{""fast_window"": 18, ""slow_window"": 60, ""signal_window"": 0.7, ""atr_window"": -0.7, ""fixed_size"": 100}"
78,78 GFTD第二版.txt,family_gftd.py,FamilyGftd,gftd,"{""fast_window"": 4, ""slow_window"": 4, ""signal_window"": 9, ""atr_mult"": 2.0, ""fixed_size"": 100}"
79,79 DMI——大盘择时.txt,family_dmi.py,FamilyDmi,dmi,"{""fast_window"": 18, ""atr_mult"": 1.0, ""fixed_size"": 100}"
80,"80 向导式 价值分析(一),成功避开股灾,大盘震荡跌时小涨.txt",family_wizard.py,FamilyWizard,wizard,"{""fast_window"": 5, ""slow_window"": 20, ""signal_window"": 0.0, ""atr_window"": 14, ""atr_mult"": 2.5, ""direction"": 1, ""fixed_size"": 100}"
81,81 申万行业轮动策略.txt,family_sector_rotate.py,FamilySectorRotate,sector_rotate,"{""fast_window"": 5, ""slow_window"": 20, ""signal_window"": 0.0, ""atr_window"": 10, ""fixed_size"": 100}"
82,82 次新+小市值+KAMA择时 轮动.txt,family_smallcap.py,FamilySmallcap,smallcap,"{""fast_window"": 10, ""slow_window"": 120, ""signal_window"": 1.2, ""atr_window"": 10, ""fixed_size"": 100}"
83,83 沪深300ETF-1060双均线.txt,family_sma_cross.py,FamilySmaCross,sma,"{""fast_window"": 10, ""slow_window"": 60, ""fixed_size"": 100}"
84,84 投资策略说明.txt,family_wizard.py,FamilyWizard,wizard,"{""fast_window"": 5, ""slow_window"": 20, ""signal_window"": 0.0, ""atr_window"": 14, ""atr_mult"": 2.5, ""direction"": 1, ""fixed_size"": 100}"
85,85 【第一次玩】我就是要买便宜股系列.txt,family_value.py,FamilyValue,value,"{""fast_window"": 20, ""slow_window"": 120, ""signal_window"": -0.08, ""atr_window"": 60, ""atr_mult"": -0.02, ""fixed_size"": 100}"
86,86 5日线穿十日线策略.txt,family_sma_cross.py,FamilySmaCross,sma,"{""fast_window"": 5, ""slow_window"": 10, ""fixed_size"": 100}"
87,87 选股策略说明——张燕兰 16318320.txt,family_wizard.py,FamilyWizard,wizard,"{""fast_window"": 5, ""slow_window"": 20, ""signal_window"": 0.0, ""atr_window"": 14, ""atr_mult"": 2.5, ""direction"": 1, ""fixed_size"": 100}"
88,88 一位小白编辑的多因子选股策略.txt,family_wizard.py,FamilyWizard,wizard,"{""fast_window"": 5, ""slow_window"": 20, ""signal_window"": 0.0, ""atr_window"": 14, ""atr_mult"": 2.0, ""direction"": 1, ""fixed_size"": 100}"
89,89 test1：简单的多均线择时.txt,family_sma_trend.py,FamilySmaTrend,ma_trend,"{""fast_window"": 5, ""slow_window"": 10, ""signal_window"": 20, ""fixed_size"": 100}"
90,90 MA均线金叉买入，死叉卖出.txt,family_sma_cross.py,FamilySmaCross,sma,"{""fast_window"": 5, ""slow_window"": 10, ""fixed_size"": 100}"
91,91 Stoch（KDJ）——大盘择时.txt,family_kdj.py,FamilyKdj,kdj,"{""fast_window"": 9, ""signal_window"": 3, ""atr_window"": 3, ""atr_mult"": 80.0, ""fixed_size"": 100}"
92,92 多因子选股策略.txt,family_wizard.py,FamilyWizard,wizard,"{""fast_window"": 5, ""slow_window"": 20, ""signal_window"": 0.0, ""atr_window"": 14, ""atr_mult"": 2.0, ""direction"": 1, ""fixed_size"": 100}"
93,93 RSRS——大盘择时.txt,family_rsrs.py,FamilyRsrs,rsrs,"{""fast_window"": 18, ""slow_window"": 60, ""signal_window"": 0.7, ""atr_window"": -0.7, ""fixed_size"": 100}"
94,94 PE和PB策略.txt,family_value.py,FamilyValue,value,"{""fast_window"": 20, ""slow_window"": 120, ""signal_window"": -0.08, ""atr_window"": 60, ""atr_mult"": -0.02, ""fixed_size"": 100}"
95,95 资金流策略.txt,family_smart_money.py,FamilySmartMoney,smart_money,"{""fast_window"": 10, ""slow_window"": 20, ""signal_window"": 0.001, ""atr_window"": 30, ""fixed_size"": 100}"
96,96 沪港两地上市的银行股翻倍策略报告.txt,family_value.py,FamilyValue,value,"{""fast_window"": 20, ""slow_window"": 120, ""signal_window"": -0.08, ""atr_window"": 60, ""atr_mult"": -0.02, ""fixed_size"": 100}"
97,97 银行翻倍策略.txt,family_value.py,FamilyValue,value,"{""fast_window"": 20, ""slow_window"": 120, ""signal_window"": -0.08, ""atr_window"": 60, ""atr_mult"": -0.02, ""fixed_size"": 100}"
98,98 机器学习SVM用法示例策略.txt,family_ml_predict.py,FamilyMlPredict,ml,"{""fast_window"": 60, ""slow_window"": 10, ""signal_window"": 0.0, ""fixed_size"": 100}"
99,99 一个中信证券的向导策略.txt,family_wizard.py,FamilyWizard,wizard,"{""fast_window"": 5, ""slow_window"": 20, ""signal_window"": 0.0, ""atr_window"": 14, ""atr_mult"": 2.5, ""direction"": 1, ""fixed_size"": 100}"
